{
    "result": {
        "status": {
            "code": 0,
            "msg": "succeeded!"
        },
        "timestamp": "Fri Mar 31 13:17:04 +0800 2017",
        "data": {
            "43-48-32-38-30-31-30-31": [
                                        {
                                        "weibo_name": "布丁是我爱的一只虾",
                                        "screen_name": "布丁是我爱的一只虾",
                                        "profile_url": "http://weibo.com/u/1757094417",
                                        "profile_image_url": "http://tva1.sinaimg.cn/crop.0.0.180.180.50/68bb2211jw1e8qgp5bmzyj2050050aa8.jpg",
                                        "text": "下雨天的圣心大教堂",
                                        "pic_id": "tqt_4091335562372133",
                                        "pic_created_time": "2017-03-31 12:17:54",
                                        "source": "<a href=\"http://app.weibo.com/t/feed/5ui34Y\" rel=\"nofollow\">柔光自拍vivo X7</a>",
                                        "original_pic_url": "http://wx3.sinaimg.cn/large/68bb2211gy1fe5wi8tzlzj20k00zktc9.jpg",
                                        "thumbnail_pic_url": "http://s.img.mix.sina.com.cn/auto/resize?img=http%3A%2F%2Fwx3.sinaimg.cn%2Flarge%2F68bb2211gy1fe5wi8tzlzj20k00zktc9.jpg&size=244_0",
                                        "place": "广州市石室天主堂(南门)",
                                        "pic_width": "440",
                                        "pic_height": "782"
                                        },
                                        {
                                        "weibo_name": "",
                                        "screen_name": "大海8853",
                                        "profile_url": "",
                                        "profile_image_url": "",
                                        "text": "",
                                        "pic_id": "mj_74294356",
                                        "pic_created_time": "2017-03-31 11:59:48",
                                        "source": "",
                                        "original_pic_url": "http://cdn.moji002.com/images/simgs/2017/03/31/14909328110.78052600.1350_android.jpg",
                                        "thumbnail_pic_url": "http://s.img.mix.sina.com.cn/auto/resize?img=http%3A%2F%2Fcdn.moji002.com%2Fimages%2Fsimgs%2F2017%2F03%2F31%2F14909328110.78052600.1350_android.jpg&size=244_0",
                                        "place": "广州市广东省",
                                        "pic_width": "1440",
                                        "pic_height": "1080"
                                        },
                                        {
                                        "weibo_name": "",
                                        "screen_name": "大海8853",
                                        "profile_url": "",
                                        "profile_image_url": "",
                                        "text": "",
                                        "pic_id": "mj_74294183",
                                        "pic_created_time": "2017-03-31 11:56:12",
                                        "source": "",
                                        "original_pic_url": "http://cdn.moji002.com/images/simgs/2017/03/31/14909325970.15027400.1160_android.jpg",
                                        "thumbnail_pic_url": "http://s.img.mix.sina.com.cn/auto/resize?img=http%3A%2F%2Fcdn.moji002.com%2Fimages%2Fsimgs%2F2017%2F03%2F31%2F14909325970.15027400.1160_android.jpg&size=244_0",
                                        "place": "广州市广东省",
                                        "pic_width": "1453",
                                        "pic_height": "1090"
                                        },
                                        {
                                        "weibo_name": "",
                                        "screen_name": "迷失的恋爱",
                                        "profile_url": "",
                                        "profile_image_url": "",
                                        "text": "",
                                        "pic_id": "mj_74293703",
                                        "pic_created_time": "2017-03-31 11:47:32",
                                        "source": "",
                                        "original_pic_url": "http://cdn.moji002.com/images/simgs/2017/03/31/14909320520.87223000.1937_android.jpg",
                                        "thumbnail_pic_url": "http://s.img.mix.sina.com.cn/auto/resize?img=http%3A%2F%2Fcdn.moji002.com%2Fimages%2Fsimgs%2F2017%2F03%2F31%2F14909320520.87223000.1937_android.jpg&size=244_0",
                                        "place": "广东省广州市花都区空港北横一路靠近白云机场的士调度中心",
                                        "pic_width": "1080",
                                        "pic_height": "1440"
                                        },
                                        {
                                        "weibo_name": "",
                                        "screen_name": "大海8853",
                                        "profile_url": "",
                                        "profile_image_url": "",
                                        "text": "",
                                        "pic_id": "mj_74293666",
                                        "pic_created_time": "2017-03-31 11:46:07",
                                        "source": "",
                                        "original_pic_url": "http://cdn.moji002.com/images/simgs/2017/03/31/14909320050.94339000.1154_android.jpg",
                                        "thumbnail_pic_url": "http://s.img.mix.sina.com.cn/auto/resize?img=http%3A%2F%2Fcdn.moji002.com%2Fimages%2Fsimgs%2F2017%2F03%2F31%2F14909320050.94339000.1154_android.jpg&size=244_0",
                                        "place": "广州市广东省",
                                        "pic_width": "1447",
                                        "pic_height": "1085"
                                        },
                                        {
                                        "weibo_name": "树杈上的团子君",
                                        "screen_name": "树杈上的团子君",
                                        "profile_url": "http://weibo.com/u/2198766763",
                                        "profile_image_url": "http://tva1.sinaimg.cn/crop.77.0.206.206.50/830e84abjw1efc73nz4l9j20c808gjte.jpg",
                                        "text": "U形滑板是不是？我以为我要死了[二哈] http://t.cn/RLX5PeK ​",
                                        "pic_id": "tqt_4091319703729343",
                                        "pic_created_time": "2017-03-31 11:14:52",
                                        "source": "<a href=\"http://app.weibo.com/t/feed/6oAA8r\" rel=\"nofollow\">华为手机</a>",
                                        "original_pic_url": "http://wx3.sinaimg.cn/large/830e84abgy1fe5unzohp4j20qo1bh19a.jpg",
                                        "thumbnail_pic_url": "http://s.img.mix.sina.com.cn/auto/resize?img=http%3A%2F%2Fwx3.sinaimg.cn%2Flarge%2F830e84abgy1fe5unzohp4j20qo1bh19a.jpg&size=244_0",
                                        "place": "广州市长隆旅游度假区",
                                        "pic_width": "440",
                                        "pic_height": "783"
                                        },
                                        {
                                        "weibo_name": "有个格_",
                                        "screen_name": "有个格_",
                                        "profile_url": "http://weibo.com/u/2647182082",
                                        "profile_image_url": "http://tva4.sinaimg.cn/crop.0.0.750.750.50/9dc8cb02jw8fde54atwfcj20ku0kujs9.jpg",
                                        "text": "嘻嘻 http://t.cn/RxgDCwX ​",
                                        "pic_id": "tqt_4091317791043526",
                                        "pic_created_time": "2017-03-31 11:07:17",
                                        "source": "<a href=\"http://app.weibo.com/t/feed/2J8wRB\" rel=\"nofollow\">iPhone 7</a>",
                                        "original_pic_url": "http://wx3.sinaimg.cn/large/9dc8cb02gy1fe5ugvqe8cj22c02c01kx.jpg",
                                        "thumbnail_pic_url": "http://s.img.mix.sina.com.cn/auto/resize?img=http%3A%2F%2Fwx3.sinaimg.cn%2Flarge%2F9dc8cb02gy1fe5ugvqe8cj22c02c01kx.jpg&size=244_0",
                                        "place": "广州白云国际机场",
                                        "pic_width": "440",
                                        "pic_height": "440"
                                        },
                                        {
                                        "weibo_name": "快樂到現在",
                                        "screen_name": "快樂到現在",
                                        "profile_url": "http://weibo.com/liling0321",
                                        "profile_image_url": "http://tva4.sinaimg.cn/crop.0.0.1125.1125.50/74b6f343jw8fbkfoeui2pj20v90v9q4j.jpg",
                                        "text": "#邓紫棋queen_of_hearts世界巡回演唱会# 走的时候阳光明媚，途中白云朵朵，到达时朦胧小雨。我好想写歌：想飞上天，和太阳肩并肩，等邓紫棋把小太阳带来人间[doge] http://t.cn/RxgDCwX ​",
                                        "pic_id": "tqt_4091317682177492",
                                        "pic_created_time": "2017-03-31 11:06:51",
                                        "source": "<a href=\"http://app.weibo.com/t/feed/5B6hUc\" rel=\"nofollow\">iPhone 6s Plus</a>",
                                        "original_pic_url": "http://wx2.sinaimg.cn/large/74b6f343gy1fe5u98rhybj20ku0rsmz4.jpg",
                                        "thumbnail_pic_url": "http://s.img.mix.sina.com.cn/auto/resize?img=http%3A%2F%2Fwx2.sinaimg.cn%2Flarge%2F74b6f343gy1fe5u98rhybj20ku0rsmz4.jpg&size=244_0",
                                        "place": "广州白云国际机场",
                                        "pic_width": "440",
                                        "pic_height": "587"
                                        },
                                        {
                                        "weibo_name": "Skila雅欣",
                                        "screen_name": "Skila雅欣",
                                        "profile_url": "http://weibo.com/u/1909568812",
                                        "profile_image_url": "http://tva3.sinaimg.cn/crop.7.0.497.497.50/71d1b52cjw8f92i67a3a0j20e80dtjrr.jpg",
                                        "text": "下雨天 http://t.cn/z8A4f77 ​",
                                        "pic_id": "tqt_4091317182961966",
                                        "pic_created_time": "2017-03-31 11:04:51",
                                        "source": "<a href=\"http://app.weibo.com/t/feed/3jskmg\" rel=\"nofollow\">iPhone 6s</a>",
                                        "original_pic_url": "http://wx3.sinaimg.cn/large/71d1b52cgy1fe5uedjquqj20qo0zkthj.jpg",
                                        "thumbnail_pic_url": "http://s.img.mix.sina.com.cn/auto/resize?img=http%3A%2F%2Fwx3.sinaimg.cn%2Flarge%2F71d1b52cgy1fe5uedjquqj20qo0zkthj.jpg&size=244_0",
                                        "place": "东方新世界",
                                        "pic_width": "440",
                                        "pic_height": "587"
                                        },
                                        {
                                        "weibo_name": "朱雨君-SOBER",
                                        "screen_name": "朱雨君-SOBER",
                                        "profile_url": "http://weibo.com/u/2269452745",
                                        "profile_image_url": "http://tvax1.sinaimg.cn/crop.0.0.664.664.50/874519c9ly8fe5ttq1c5nj20ig0ig0tp.jpg",
                                        "text": "幸福来的太突然了。 http://t.cn/RySzMaf ​",
                                        "pic_id": "tqt_4091317007649551",
                                        "pic_created_time": "2017-03-31 11:04:10",
                                        "source": "<a href=\"http://app.weibo.com/t/feed/4swE93\" rel=\"nofollow\">三星android智能手机</a>",
                                        "original_pic_url": "http://wx3.sinaimg.cn/large/874519c9gy1fe5ud1jbgdj20qo0zkqjy.jpg",
                                        "thumbnail_pic_url": "http://s.img.mix.sina.com.cn/auto/resize?img=http%3A%2F%2Fwx3.sinaimg.cn%2Flarge%2F874519c9gy1fe5ud1jbgdj20qo0zkqjy.jpg&size=244_0",
                                        "place": "广外图书馆(南校区)",
                                        "pic_width": "440",
                                        "pic_height": "587"
                                        },
                                        {
                                        "weibo_name": "执念xhp",
                                        "screen_name": "执念xhp",
                                        "profile_url": "http://weibo.com/u/6179073167",
                                        "profile_image_url": "http://tvax4.sinaimg.cn/crop.0.0.960.960.50/006KaLcrly8fduccjc3rdj30qo0qogoc.jpg",
                                        "text": "这雨天给我无限的压抑感 http://t.cn/zRZ8jAP ​",
                                        "pic_id": "tqt_4091316570452181",
                                        "pic_created_time": "2017-03-31 11:02:26",
                                        "source": "<a href=\"http://app.weibo.com/t/feed/U0uYq\" rel=\"nofollow\">OPPO R9 Plus</a>",
                                        "original_pic_url": "http://wx1.sinaimg.cn/large/006KaLcrgy1fe5uavht2yj30qo1be7ex.jpg",
                                        "thumbnail_pic_url": "http://s.img.mix.sina.com.cn/auto/resize?img=http%3A%2F%2Fwx1.sinaimg.cn%2Flarge%2F006KaLcrgy1fe5uavht2yj30qo1be7ex.jpg&size=244_0",
                                        "place": "金岭北路公交站",
                                        "pic_width": "440",
                                        "pic_height": "782"
                                        },
                                        {
                                        "weibo_name": "Xiaoheng16",
                                        "screen_name": "Xiaoheng16",
                                        "profile_url": "http://weibo.com/u/6184365329",
                                        "profile_image_url": "http://tvax3.sinaimg.cn/crop.11.0.728.728.50/006KwXVTly8fe0eyd98luj30ku0k8goj.jpg",
                                        "text": "【寻人启事】梨黄垂容，24岁，女，首都师范大学留学生。于3月29号晚上22点整走失。如有人知请联系。玉河:15711428549/13241777278\n\nMy friend Le Hoang Thuy Dung is missing. She left campus at 10 pm on Wednesday 29/3 and hasn't been in contact with anyone since. If anyone has any informati ​",
                                        "pic_id": "tqt_4091316172345579",
                                        "pic_created_time": "2017-03-31 11:00:51",
                                        "source": "<a href=\"http://app.weibo.com/t/feed/3o33sO\" rel=\"nofollow\">iPhone 6</a>",
                                        "original_pic_url": "http://wx4.sinaimg.cn/large/006KwXVTgy1fe5ua3olcuj30qo0zkdmp.jpg",
                                        "thumbnail_pic_url": "http://s.img.mix.sina.com.cn/auto/resize?img=http%3A%2F%2Fwx4.sinaimg.cn%2Flarge%2F006KwXVTgy1fe5ua3olcuj30qo0zkdmp.jpg&size=244_0",
                                        "place": "华南理工大学(南校区)",
                                        "pic_width": "440",
                                        "pic_height": "587"
                                        },
                                        {
                                        "weibo_name": "铭总威武哦",
                                        "screen_name": "铭总威武哦",
                                        "profile_url": "http://weibo.com/u/3502051772",
                                        "profile_image_url": "http://tva2.sinaimg.cn/crop.0.15.750.750.50/d0bd11bcjw8fdaiczdza9j20ku0lpq46.jpg",
                                        "text": "广州塔 http://t.cn/R2W6PpG ​",
                                        "pic_id": "tqt_4091316101175740",
                                        "pic_created_time": "2017-03-31 11:00:34",
                                        "source": "<a href=\"http://app.weibo.com/t/feed/3o33sO\" rel=\"nofollow\">iPhone 6</a>",
                                        "original_pic_url": "http://wx2.sinaimg.cn/large/d0bd11bcgy1fe5u9wdghnj20qo0zk44c.jpg",
                                        "thumbnail_pic_url": "http://s.img.mix.sina.com.cn/auto/resize?img=http%3A%2F%2Fwx2.sinaimg.cn%2Flarge%2Fd0bd11bcgy1fe5u9wdghnj20qo0zk44c.jpg&size=244_0",
                                        "place": "流花",
                                        "pic_width": "440",
                                        "pic_height": "587"
                                        },
                                        {
                                        "weibo_name": "张阿冠_109",
                                        "screen_name": "张阿冠_109",
                                        "profile_url": "http://weibo.com/u/3480064763",
                                        "profile_image_url": "http://tva4.sinaimg.cn/crop.0.25.1242.1242.50/cf6d92fbjw8f6uigueto8j20yi0zx77g.jpg",
                                        "text": "下雨天一如既往地奔赴考场，一切顺利 http://t.cn/R2W6QAW ​",
                                        "pic_id": "tqt_4091316051257335",
                                        "pic_created_time": "2017-03-31 11:00:22",
                                        "source": "<a href=\"http://app.weibo.com/t/feed/5B6hUc\" rel=\"nofollow\">iPhone 6s Plus</a>",
                                        "original_pic_url": "http://wx1.sinaimg.cn/large/cf6d92fbgy1fe5u987v4oj20qo0zkk13.jpg",
                                        "thumbnail_pic_url": "http://s.img.mix.sina.com.cn/auto/resize?img=http%3A%2F%2Fwx1.sinaimg.cn%2Flarge%2Fcf6d92fbgy1fe5u987v4oj20qo0zkk13.jpg&size=244_0",
                                        "place": "黄边",
                                        "pic_width": "440",
                                        "pic_height": "587"
                                        },
                                        {
                                        "weibo_name": "z多金娃",
                                        "screen_name": "z多金娃",
                                        "profile_url": "http://weibo.com/u/5314413976",
                                        "profile_image_url": "http://tva1.sinaimg.cn/crop.0.11.640.640.50/005NEJQsjw8fbdo80bymjj30hs0iewfc.jpg",
                                        "text": "这雨下得哦 http://t.cn/R2Wi66b ​",
                                        "pic_id": "tqt_4091315895334011",
                                        "pic_created_time": "2017-03-31 10:59:45",
                                        "source": "<a href=\"http://app.weibo.com/t/feed/3G5oUM\" rel=\"nofollow\">iPhone 5s</a>",
                                        "original_pic_url": "http://wx1.sinaimg.cn/large/005NEJQsgy1fe5u8uadewj30qo1bfn62.jpg",
                                        "thumbnail_pic_url": "http://s.img.mix.sina.com.cn/auto/resize?img=http%3A%2F%2Fwx1.sinaimg.cn%2Flarge%2F005NEJQsgy1fe5u8uadewj30qo1bfn62.jpg&size=244_0",
                                        "place": "广州大道南",
                                        "pic_width": "440",
                                        "pic_height": "782"
                                        },
                                        {
                                        "weibo_name": "w瑶阿瑶",
                                        "screen_name": "w瑶阿瑶",
                                        "profile_url": "http://weibo.com/u/3211860062",
                                        "profile_image_url": "http://tvax4.sinaimg.cn/crop.0.25.1242.1242.50/bf71185ely8fdyz4xz5kbj20yi0zxjtb.jpg",
                                        "text": "这世界像个巨大的夹娃娃机\n而我隔着玻璃橱窗只想要你♡ http://t.cn/8ke1Hc4 ​",
                                        "pic_id": "tqt_4091315543762723",
                                        "pic_created_time": "2017-03-31 10:58:21",
                                        "source": "<a href=\"http://app.weibo.com/t/feed/6e3owN\" rel=\"nofollow\">iPhone 7 Plus</a>",
                                        "original_pic_url": "http://wx4.sinaimg.cn/large/bf71185egy1fe5u7lfh03j20qo0zw7ar.jpg",
                                        "thumbnail_pic_url": "http://s.img.mix.sina.com.cn/auto/resize?img=http%3A%2F%2Fwx4.sinaimg.cn%2Flarge%2Fbf71185egy1fe5u7lfh03j20qo0zw7ar.jpg&size=244_0",
                                        "place": "广州民航职业技术学院",
                                        "pic_width": "440",
                                        "pic_height": "592"
                                        },
                                        {
                                        "weibo_name": "從從娟",
                                        "screen_name": "從從娟",
                                        "profile_url": "http://weibo.com/u/1842623693",
                                        "profile_image_url": "http://tva3.sinaimg.cn/crop.0.0.498.498.50/6dd434cdjw8fa9x563d8kj20du0duwf2.jpg",
                                        "text": "风雨无阻！ http://t.cn/zRMLvlF ​",
                                        "pic_id": "tqt_4091313718612044",
                                        "pic_created_time": "2017-03-31 10:51:05",
                                        "source": "<a href=\"http://app.weibo.com/t/feed/63af84\" rel=\"nofollow\">vivo智能手机</a>",
                                        "original_pic_url": "http://wx3.sinaimg.cn/large/6dd434cdgy1fe5tyb3wzzj20qo1be46y.jpg",
                                        "thumbnail_pic_url": "http://s.img.mix.sina.com.cn/auto/resize?img=http%3A%2F%2Fwx3.sinaimg.cn%2Flarge%2F6dd434cdgy1fe5tyb3wzzj20qo1be46y.jpg&size=244_0",
                                        "place": "新滘东路中公交站",
                                        "pic_width": "440",
                                        "pic_height": "782"
                                        },
                                        {
                                        "weibo_name": "请180谢谢",
                                        "screen_name": "请180谢谢",
                                        "profile_url": "http://weibo.com/moe44",
                                        "profile_image_url": "http://tva3.sinaimg.cn/crop.0.0.512.512.50/86c94a53jw8fcf0deu3lpj20e80e83yy.jpg",
                                        "text": "到底要延误到多久[失望] http://t.cn/z8A6nMg ​",
                                        "pic_id": "tqt_4091313345281218",
                                        "pic_created_time": "2017-03-31 10:49:37",
                                        "source": "<a href=\"http://app.weibo.com/t/feed/3o33sO\" rel=\"nofollow\">iPhone 6</a>",
                                        "original_pic_url": "http://wx3.sinaimg.cn/large/86c94a53gy1fe5tye68alj21w02iohdt.jpg",
                                        "thumbnail_pic_url": "http://s.img.mix.sina.com.cn/auto/resize?img=http%3A%2F%2Fwx3.sinaimg.cn%2Flarge%2F86c94a53gy1fe5tye68alj21w02iohdt.jpg&size=244_0",
                                        "place": "广州白云国际机场",
                                        "pic_width": "440",
                                        "pic_height": "587"
                                        },
                                        {
                                        "weibo_name": "",
                                        "screen_name": "",
                                        "profile_url": "",
                                        "profile_image_url": "",
                                        "text": "",
                                        "pic_id": "mj_74290265",
                                        "pic_created_time": "2017-03-31 10:49:34",
                                        "source": "",
                                        "original_pic_url": "http://cdn.moji002.com/images/simgs/2017/03/31/14909285740.02528200.1461_android.jpg",
                                        "thumbnail_pic_url": "http://s.img.mix.sina.com.cn/auto/resize?img=http%3A%2F%2Fcdn.moji002.com%2Fimages%2Fsimgs%2F2017%2F03%2F31%2F14909285740.02528200.1461_android.jpg&size=244_0",
                                        "place": "广东省广州市花都区海关西街靠近永发安全文明小区办公室",
                                        "pic_width": "1082",
                                        "pic_height": "1443"
                                        },
                                        {
                                        "weibo_name": "w瑶阿瑶",
                                        "screen_name": "w瑶阿瑶",
                                        "profile_url": "http://weibo.com/u/3211860062",
                                        "profile_image_url": "http://tvax4.sinaimg.cn/crop.0.25.1242.1242.50/bf71185ely8fdyz4xz5kbj20yi0zxjtb.jpg",
                                        "text": "这世界像个巨大的夹娃娃机\n而我隔着玻璃橱窗只想要你♡ http://t.cn/8ke1Hc4 ​",
                                        "pic_id": "tqt_4091313311938207",
                                        "pic_created_time": "2017-03-31 10:49:29",
                                        "source": "<a href=\"http://app.weibo.com/t/feed/6e3owN\" rel=\"nofollow\">iPhone 7 Plus</a>",
                                        "original_pic_url": "http://wx2.sinaimg.cn/large/bf71185egy1fe5tycjbgzj20qo0zw7ar.jpg",
                                        "thumbnail_pic_url": "http://s.img.mix.sina.com.cn/auto/resize?img=http%3A%2F%2Fwx2.sinaimg.cn%2Flarge%2Fbf71185egy1fe5tycjbgzj20qo0zw7ar.jpg&size=244_0",
                                        "place": "广州民航职业技术学院",
                                        "pic_width": "440",
                                        "pic_height": "592"
                                        }
                                        ]
        }
    }
}