{
    "result": {
        "status": {
            "code": 0,
            "msg": "succeeded!"
        },
        "timestamp": "Fri Mar 31 17:34:12 +0800 2017",
        "data": {
            "43-48-32-38-30-31-30-31": [
                                        {
                                        "weibo_name": "",
                                        "screen_name": "大海8853",
                                        "profile_url": "",
                                        "profile_image_url": "",
                                        "text": "",
                                        "pic_id": "mj_74303317",
                                        "pic_created_time": "2017-03-31 14:49:24",
                                        "source": "",
                                        "original_pic_url": "http://cdn.moji002.com/images/simgs/2017/03/31/14909429930.52860400.1134_android.jpg",
                                        "thumbnail_pic_url": "http://s.img.mix.sina.com.cn/auto/resize?img=http%3A%2F%2Fcdn.moji002.com%2Fimages%2Fsimgs%2F2017%2F03%2F31%2F14909429930.52860400.1134_android.jpg&size=244_0",
                                        "place": "广州市广东省",
                                        "pic_width": "1618",
                                        "pic_height": "1082"
                                        },
                                        {
                                        "weibo_name": "binnada瀅",
                                        "screen_name": "binnada瀅",
                                        "profile_url": "http://weibo.com/u/5549418276",
                                        "profile_image_url": "http://tva3.sinaimg.cn/crop.6.0.628.628.50/0063yNcojw8fctzqg76cmj30hs0hgwf8.jpg",
                                        "text": "来广州的十个胃 http://t.cn/RyhHZa1 ​",
                                        "pic_id": "tqt_4091373420782868",
                                        "pic_created_time": "2017-03-31 14:48:20",
                                        "source": "<a href=\"http://weibo.com/\" rel=\"nofollow\">iPhone SE</a>",
                                        "original_pic_url": "http://wx1.sinaimg.cn/large/0063yNcogy1fe60u4cg00j30qo0qo10m.jpg",
                                        "thumbnail_pic_url": "http://s.img.mix.sina.com.cn/auto/resize?img=http%3A%2F%2Fwx1.sinaimg.cn%2Flarge%2F0063yNcogy1fe60u4cg00j30qo0qo10m.jpg&size=244_0",
                                        "place": "天河南",
                                        "pic_width": "440",
                                        "pic_height": "440"
                                        },
                                        {
                                        "weibo_name": "",
                                        "screen_name": "美_文成",
                                        "profile_url": "",
                                        "profile_image_url": "",
                                        "text": "",
                                        "pic_id": "mj_74303185",
                                        "pic_created_time": "2017-03-31 14:46:15",
                                        "source": "",
                                        "original_pic_url": "http://cdn.moji002.com/images/simgs/2017/03/31/14909428360.24899400.1286_android.jpg",
                                        "thumbnail_pic_url": "http://s.img.mix.sina.com.cn/auto/resize?img=http%3A%2F%2Fcdn.moji002.com%2Fimages%2Fsimgs%2F2017%2F03%2F31%2F14909428360.24899400.1286_android.jpg&size=244_0",
                                        "place": "广东省广州市番禺区大学城中环西路靠近广东省高等学校雕塑实验教学中心",
                                        "pic_width": "1082",
                                        "pic_height": "1923"
                                        },
                                        {
                                        "weibo_name": "和田昆仑山巅_90912",
                                        "screen_name": "和田昆仑山巅_90912",
                                        "profile_url": "http://weibo.com/u/1717842924",
                                        "profile_image_url": "http://tvax1.sinaimg.cn/default/images/default_avatar_male_50.gif",
                                        "text": "分享图片 http://t.cn/z8MygiI ​",
                                        "pic_id": "tqt_4091370001778144",
                                        "pic_created_time": "2017-03-31 14:34:45",
                                        "source": "<a href=\"http://app.weibo.com/t/feed/4J5QJ9\" rel=\"nofollow\">小米手机5</a>",
                                        "original_pic_url": "http://wx2.sinaimg.cn/large/666433ecgy1fe60grgnk9j20hs0npmyf.jpg",
                                        "thumbnail_pic_url": "http://s.img.mix.sina.com.cn/auto/resize?img=http%3A%2F%2Fwx2.sinaimg.cn%2Flarge%2F666433ecgy1fe60grgnk9j20hs0npmyf.jpg&size=244_0",
                                        "place": "天河软件园华景园区",
                                        "pic_width": "440",
                                        "pic_height": "586"
                                        },
                                        {
                                        "weibo_name": "怀远如风",
                                        "screen_name": "怀远如风",
                                        "profile_url": "http://weibo.com/u/1548546033",
                                        "profile_image_url": "http://tva3.sinaimg.cn/crop.0.0.180.180.50/5c4ceff1jw1e8qgp5bmzyj2050050aa8.jpg",
                                        "text": "【广州小记】陈家祠一游。这是旧时一个大族，经济实力不凡。祠堂高屋大宇，气度恢弘。看点是各种建筑装饰工艺，极具岭南特色，做工精美绝伦。有意思的是，精彩的各种雕塑装饰，都在大屋高处，能保留至今历经沧桑不被抠掉砸稀巴烂，足见这户先人的远见精明。这不，转了一大圈，都没拍到好货，下次带长焦 ​",
                                        "pic_id": "tqt_4091369838545824",
                                        "pic_created_time": "2017-03-31 14:34:06",
                                        "source": "<a href=\"http://app.weibo.com/t/feed/5yiHuw\" rel=\"nofollow\">iPhone 6 Plus</a>",
                                        "original_pic_url": "http://wx1.sinaimg.cn/large/5c4ceff1gy1fe60fgrgn9j22it3h5hdu.jpg",
                                        "thumbnail_pic_url": "http://s.img.mix.sina.com.cn/auto/resize?img=http%3A%2F%2Fwx1.sinaimg.cn%2Flarge%2F5c4ceff1gy1fe60fgrgn9j22it3h5hdu.jpg&size=244_0",
                                        "place": "陈家祠",
                                        "pic_width": "440",
                                        "pic_height": "606"
                                        },
                                        {
                                        "weibo_name": "水石印象",
                                        "screen_name": "水石印象",
                                        "profile_url": "http://weibo.com/u/3351719364",
                                        "profile_image_url": "http://tva2.sinaimg.cn/crop.0.0.640.640.50/c7c72dc4jw8ez45efi6q0j20hs0hsgmi.jpg",
                                        "text": "土华 http://t.cn/R2Wi4WZ ​",
                                        "pic_id": "tqt_4091368366551212",
                                        "pic_created_time": "2017-03-31 14:28:15",
                                        "source": "<a href=\"http://app.weibo.com/t/feed/5YqrI8\" rel=\"nofollow\">vivo智能手机客户端</a>",
                                        "original_pic_url": "http://wx1.sinaimg.cn/large/c7c72dc4gy1fe609c0bpgj20qo0zkq7f.jpg",
                                        "thumbnail_pic_url": "http://s.img.mix.sina.com.cn/auto/resize?img=http%3A%2F%2Fwx1.sinaimg.cn%2Flarge%2Fc7c72dc4gy1fe609c0bpgj20qo0zkq7f.jpg&size=244_0",
                                        "place": "华洲",
                                        "pic_width": "440",
                                        "pic_height": "587"
                                        },
                                        {
                                        "weibo_name": "依心依意711",
                                        "screen_name": "依心依意711",
                                        "profile_url": "http://weibo.com/u/5516158465",
                                        "profile_image_url": "http://tva1.sinaimg.cn/crop.0.1.1242.1242.50/0061jeNPjw8eqa316ax4aj30yi0ykwhn.jpg",
                                        "text": "没有谁可以阻挡我们回家的路,除非我们不想回来。让心灵之光照耀我们前进的路！#我为生活带颜# http://t.cn/zTmSuig ​",
                                        "pic_id": "tqt_4091365577104742",
                                        "pic_created_time": "2017-03-31 14:17:10",
                                        "source": "<a href=\"http://app.weibo.com/t/feed/6e3owN\" rel=\"nofollow\">iPhone 7 Plus</a>",
                                        "original_pic_url": "http://wx2.sinaimg.cn/large/0061jeNPgy1fe5zygwl9ej30qo0qoqar.jpg",
                                        "thumbnail_pic_url": "http://s.img.mix.sina.com.cn/auto/resize?img=http%3A%2F%2Fwx2.sinaimg.cn%2Flarge%2F0061jeNPgy1fe5zygwl9ej30qo0qoqar.jpg&size=244_0",
                                        "place": "广州南站",
                                        "pic_width": "440",
                                        "pic_height": "440"
                                        },
                                        {
                                        "weibo_name": "走走道嘎抽了chick",
                                        "screen_name": "走走道嘎抽了chick",
                                        "profile_url": "http://weibo.com/yinfengweijige",
                                        "profile_image_url": "http://tva3.sinaimg.cn/crop.0.0.180.180.50/65e969dbjw1e8qgp5bmzyj2050050aa8.jpg",
                                        "text": "名匠装饰！工大传统品牌！ http://t.cn/RhRT2I3 ​",
                                        "pic_id": "tqt_4091363710248697",
                                        "pic_created_time": "2017-03-31 14:09:45",
                                        "source": "<a href=\"http://app.weibo.com/t/feed/63af84\" rel=\"nofollow\">vivo智能手机</a>",
                                        "original_pic_url": "http://wx3.sinaimg.cn/large/65e969dbgy1fe5zq43la2j20qo0zk48m.jpg",
                                        "thumbnail_pic_url": "http://s.img.mix.sina.com.cn/auto/resize?img=http%3A%2F%2Fwx3.sinaimg.cn%2Flarge%2F65e969dbgy1fe5zq43la2j20qo0zk48m.jpg&size=244_0",
                                        "place": "岭南雅筑",
                                        "pic_width": "440",
                                        "pic_height": "587"
                                        },
                                        {
                                        "weibo_name": "唐晶不是糖精",
                                        "screen_name": "唐晶不是糖精",
                                        "profile_url": "http://weibo.com/u/2957363783",
                                        "profile_image_url": "http://tva3.sinaimg.cn/crop.3.0.1236.1236.50/b045ca47jw8fd855ypwyfj20yi0ycju6.jpg",
                                        "text": "只想说图三是有脚气的同事穿错了我的鞋",
                                        "pic_id": "tqt_4091362909000719",
                                        "pic_created_time": "2017-03-31 14:06:34",
                                        "source": "<a href=\"http://app.weibo.com/t/feed/5B6hUc\" rel=\"nofollow\">iPhone 6s Plus</a>",
                                        "original_pic_url": "http://wx1.sinaimg.cn/large/b045ca47gy1fe5zgq4ao8j20qo0zkajw.jpg",
                                        "thumbnail_pic_url": "http://s.img.mix.sina.com.cn/auto/resize?img=http%3A%2F%2Fwx1.sinaimg.cn%2Flarge%2Fb045ca47gy1fe5zgq4ao8j20qo0zkajw.jpg&size=244_0",
                                        "place": "广交会琶洲展馆11.3馆",
                                        "pic_width": "440",
                                        "pic_height": "587"
                                        },
                                        {
                                        "weibo_name": "F天亮了",
                                        "screen_name": "F天亮了",
                                        "profile_url": "http://weibo.com/u/5284716442",
                                        "profile_image_url": "http://tva2.sinaimg.cn/crop.0.0.664.664.50/005LE89Yjw8fby226zhg5j30ig0ig75j.jpg",
                                        "text": "我的白云山☁泡汤了，，，，，， http://t.cn/R2WiASD ​",
                                        "pic_id": "tqt_4091357951660709",
                                        "pic_created_time": "2017-03-31 13:46:52",
                                        "source": "<a href=\"http://app.weibo.com/t/feed/63af84\" rel=\"nofollow\">vivo智能手机</a>",
                                        "original_pic_url": "http://wx3.sinaimg.cn/large/005LE89Ygy1fe5z2tlghtj30k00zkwyb.jpg",
                                        "thumbnail_pic_url": "http://s.img.mix.sina.com.cn/auto/resize?img=http%3A%2F%2Fwx3.sinaimg.cn%2Flarge%2F005LE89Ygy1fe5z2tlghtj30k00zkwyb.jpg&size=244_0",
                                        "place": "棠景",
                                        "pic_width": "440",
                                        "pic_height": "782"
                                        },
                                        {
                                        "weibo_name": "美身达人_Karen大师",
                                        "screen_name": "美身达人_Karen大师",
                                        "profile_url": "http://weibo.com/u/5529102903",
                                        "profile_image_url": "http://tva2.sinaimg.cn/crop.7.0.626.626.50/0062byf5jw8fd1o3n3otqj30hs0he0tp.jpg",
                                        "text": "踏青就这么天时地利人和的结束了[鲜花][鲜花][鲜花]一直没下雨宝宝们也都玩得很开心[爱你] http://t.cn/Ryhjh4y ​",
                                        "pic_id": "tqt_4091357654630004",
                                        "pic_created_time": "2017-03-31 13:45:41",
                                        "source": "<a href=\"http://app.weibo.com/t/feed/3jskmg\" rel=\"nofollow\">iPhone 6s</a>",
                                        "original_pic_url": "http://wx3.sinaimg.cn/large/0062byf5gy1fe5z0egruoj30qo0zkk46.jpg",
                                        "thumbnail_pic_url": "http://s.img.mix.sina.com.cn/auto/resize?img=http%3A%2F%2Fwx3.sinaimg.cn%2Flarge%2F0062byf5gy1fe5z0egruoj30qo0zkk46.jpg&size=244_0",
                                        "place": "东晓南路",
                                        "pic_width": "440",
                                        "pic_height": "587"
                                        },
                                        {
                                        "weibo_name": "两个凉风",
                                        "screen_name": "两个凉风",
                                        "profile_url": "http://weibo.com/SuperFuckMan",
                                        "profile_image_url": "http://tva1.sinaimg.cn/crop.3.0.743.743.50/b9a3a2d3jw8f75qehqnhoj20ku0knjte.jpg",
                                        "text": "珠江河畔的风 http://t.cn/Rw4wPvh ​",
                                        "pic_id": "tqt_4091357053730088",
                                        "pic_created_time": "2017-03-31 13:43:20",
                                        "source": "<a href=\"http://weibo.com/\" rel=\"nofollow\">iPhone</a>",
                                        "original_pic_url": "http://wx1.sinaimg.cn/large/b9a3a2d3ly1fe5yyba5r7j20ku0rs0v9.jpg",
                                        "thumbnail_pic_url": "http://s.img.mix.sina.com.cn/auto/resize?img=http%3A%2F%2Fwx1.sinaimg.cn%2Flarge%2Fb9a3a2d3ly1fe5yyba5r7j20ku0rs0v9.jpg&size=244_0",
                                        "place": "广州塔",
                                        "pic_width": "440",
                                        "pic_height": "587"
                                        },
                                        {
                                        "weibo_name": "",
                                        "screen_name": "大海8853",
                                        "profile_url": "",
                                        "profile_image_url": "",
                                        "text": "",
                                        "pic_id": "mj_74299710",
                                        "pic_created_time": "2017-03-31 13:35:54",
                                        "source": "",
                                        "original_pic_url": "http://cdn.moji002.com/images/simgs/2017/03/31/14909385980.60531900.1395_android.jpg",
                                        "thumbnail_pic_url": "http://s.img.mix.sina.com.cn/auto/resize?img=http%3A%2F%2Fcdn.moji002.com%2Fimages%2Fsimgs%2F2017%2F03%2F31%2F14909385980.60531900.1395_android.jpg&size=244_0",
                                        "place": "广州市广东省",
                                        "pic_width": "1440",
                                        "pic_height": "1080"
                                        },
                                        {
                                        "weibo_name": "鲁粤luyue",
                                        "screen_name": "鲁粤luyue",
                                        "profile_url": "http://weibo.com/u/2769033073",
                                        "profile_image_url": "http://tva2.sinaimg.cn/crop.0.1.640.640.50/a50c1771jw8eyjgzt47irj20hs0hu0tq.jpg",
                                        "text": "逝去的美好，只能留给回忆 http://t.cn/Ryh6s6U ​",
                                        "pic_id": "tqt_4091354630209067",
                                        "pic_created_time": "2017-03-31 13:33:40",
                                        "source": "<a href=\"http://app.weibo.com/t/feed/9ksdit\" rel=\"nofollow\">iPhone客户端</a>",
                                        "original_pic_url": "http://wx2.sinaimg.cn/large/a50c1771gy1fe5yne0tqlj20k00qodlw.jpg",
                                        "thumbnail_pic_url": "http://s.img.mix.sina.com.cn/auto/resize?img=http%3A%2F%2Fwx2.sinaimg.cn%2Flarge%2Fa50c1771gy1fe5yne0tqlj20k00qodlw.jpg&size=244_0",
                                        "place": "广州塔108层(433.2m)",
                                        "pic_width": "440",
                                        "pic_height": "587"
                                        },
                                        {
                                        "weibo_name": "-马冰璇",
                                        "screen_name": "-马冰璇",
                                        "profile_url": "http://weibo.com/u/3322125560",
                                        "profile_image_url": "http://tva1.sinaimg.cn/crop.0.0.750.750.50/c6039cf8jw8f2t5wbnnd3j20ku0kv75g.jpg",
                                        "text": "今天和昨天[疑问] http://t.cn/RyhWtrM ​",
                                        "pic_id": "tqt_4091354461531521",
                                        "pic_created_time": "2017-03-31 13:33:01",
                                        "source": "<a href=\"http://app.weibo.com/t/feed/3jskmg\" rel=\"nofollow\">iPhone 6s</a>",
                                        "original_pic_url": "http://wx1.sinaimg.cn/large/c6039cf8gy1fe5ynqw6uvj20qo0qoth3.jpg",
                                        "thumbnail_pic_url": "http://s.img.mix.sina.com.cn/auto/resize?img=http%3A%2F%2Fwx1.sinaimg.cn%2Flarge%2Fc6039cf8gy1fe5ynqw6uvj20qo0qoth3.jpg&size=244_0",
                                        "place": "同和",
                                        "pic_width": "440",
                                        "pic_height": "440"
                                        },
                                        {
                                        "weibo_name": "",
                                        "screen_name": "大海8853",
                                        "profile_url": "",
                                        "profile_image_url": "",
                                        "text": "",
                                        "pic_id": "mj_74299362",
                                        "pic_created_time": "2017-03-31 13:30:59",
                                        "source": "",
                                        "original_pic_url": "http://cdn.moji002.com/images/simgs/2017/03/31/14909382880.05099100.1855_android.jpg",
                                        "thumbnail_pic_url": "http://s.img.mix.sina.com.cn/auto/resize?img=http%3A%2F%2Fcdn.moji002.com%2Fimages%2Fsimgs%2F2017%2F03%2F31%2F14909382880.05099100.1855_android.jpg&size=244_0",
                                        "place": "广州市广东省",
                                        "pic_width": "1447",
                                        "pic_height": "1084"
                                        },
                                        {
                                        "weibo_name": "罗团团就爱絮叨叨",
                                        "screen_name": "罗团团就爱絮叨叨",
                                        "profile_url": "http://weibo.com/luofangyuanyuan",
                                        "profile_image_url": "http://tva2.sinaimg.cn/crop.0.0.720.720.50/7068ce4ejw8ei99j7fb1ij20k00k03zt.jpg",
                                        "text": "Hello,world http://t.cn/RyKXP1A ​",
                                        "pic_id": "tqt_4091353841749618",
                                        "pic_created_time": "2017-03-31 13:30:31",
                                        "source": "<a href=\"http://app.weibo.com/t/feed/1pFyHk\" rel=\"nofollow\">魅族 PRO 5</a>",
                                        "original_pic_url": "http://wx3.sinaimg.cn/large/7068ce4egy1fe5yjywotij20qo0zk7bn.jpg",
                                        "thumbnail_pic_url": "http://s.img.mix.sina.com.cn/auto/resize?img=http%3A%2F%2Fwx3.sinaimg.cn%2Flarge%2F7068ce4egy1fe5yjywotij20qo0zk7bn.jpg&size=244_0",
                                        "place": "白云",
                                        "pic_width": "440",
                                        "pic_height": "587"
                                        },
                                        {
                                        "weibo_name": "萝卜兔怡宝",
                                        "screen_name": "萝卜兔怡宝",
                                        "profile_url": "http://weibo.com/Yvesaimeraimer",
                                        "profile_image_url": "http://tva4.sinaimg.cn/crop.6.0.499.499.50/6bafbd23jw8f7iqa3hhyrj20e80dvdg6.jpg",
                                        "text": "六年前的梦 http://t.cn/RyhOa2a ​",
                                        "pic_id": "tqt_4091353103836846",
                                        "pic_created_time": "2017-03-31 13:27:36",
                                        "source": "<a href=\"http://app.weibo.com/t/feed/3jskmg\" rel=\"nofollow\">iPhone 6s</a>",
                                        "original_pic_url": "http://wx2.sinaimg.cn/large/6bafbd23gy1fe5yhiryuvj22c0340kjn.jpg",
                                        "thumbnail_pic_url": "http://s.img.mix.sina.com.cn/auto/resize?img=http%3A%2F%2Fwx2.sinaimg.cn%2Flarge%2F6bafbd23gy1fe5yhiryuvj22c0340kjn.jpg&size=244_0",
                                        "place": "广东外语外贸大学(北校区)",
                                        "pic_width": "440",
                                        "pic_height": "587"
                                        },
                                        {
                                        "weibo_name": "",
                                        "screen_name": "阳光&明媚",
                                        "profile_url": "",
                                        "profile_image_url": "",
                                        "text": "小雨，18 ℃，北风4级。",
                                        "pic_id": "mj_74299116",
                                        "pic_created_time": "2017-03-31 13:27:01",
                                        "source": "",
                                        "original_pic_url": "http://cdn.moji002.com/images/simgs/2017/03/31/14909380220.26196100.1028_android.jpg",
                                        "thumbnail_pic_url": "http://s.img.mix.sina.com.cn/auto/resize?img=http%3A%2F%2Fcdn.moji002.com%2Fimages%2Fsimgs%2F2017%2F03%2F31%2F14909380220.26196100.1028_android.jpg&size=244_0",
                                        "place": "广州市越秀区",
                                        "pic_width": "1083",
                                        "pic_height": "1625"
                                        },
                                        {
                                        "weibo_name": "",
                                        "screen_name": "阳光&明媚",
                                        "profile_url": "",
                                        "profile_image_url": "",
                                        "text": "小雨，18 ℃，北风4级。",
                                        "pic_id": "mj_74298840",
                                        "pic_created_time": "2017-03-31 13:21:45",
                                        "source": "",
                                        "original_pic_url": "http://cdn.moji002.com/images/simgs/2017/03/31/14909377060.00325600.1709_android.jpg",
                                        "thumbnail_pic_url": "http://s.img.mix.sina.com.cn/auto/resize?img=http%3A%2F%2Fcdn.moji002.com%2Fimages%2Fsimgs%2F2017%2F03%2F31%2F14909377060.00325600.1709_android.jpg&size=244_0",
                                        "place": "广州市越秀区",
                                        "pic_width": "1083",
                                        "pic_height": "1625"
                                        }
                                        ]
        }
    }
}